                  epoch,         train/box_loss,         train/cls_loss,         train/dfl_loss,   metrics/precision(B),      metrics/recall(B),       metrics/mAP50(B),    metrics/mAP50-95(B),           val/box_loss,           val/cls_loss,           val/dfl_loss,                 lr/pg0,                 lr/pg1,                 lr/pg2
                      1,                 4.2833,                 2.8678,                 3.2077,                0.21199,                0.20962,                0.12417,                0.03642,                 3.4752,                  2.449,                 2.2597,               0.070108,              0.0033214,              0.0033214
                      2,                 2.8548,                 1.9393,                 1.9034,                0.52881,                0.43065,                0.46397,                0.20469,                 2.3594,                 1.7386,                 1.6066,               0.040042,              0.0065888,              0.0065888
                      3,                  2.378,                 1.6051,                 1.5627,                0.52849,                0.43867,                0.46223,                0.21542,                 2.1713,                 1.6158,                 1.4983,              0.0099098,              0.0097903,              0.0097903
                      4,                 2.1638,                 1.4536,                 1.4389,                 0.6808,                0.54562,                0.63348,                0.31721,                  1.913,                 1.3234,                 1.3461,               0.009703,               0.009703,               0.009703
                      5,                 2.0257,                 1.3604,                  1.358,                0.65466,                0.52348,                0.60281,                0.30968,                  1.895,                 1.3426,                 1.3298,               0.009604,               0.009604,               0.009604
                      6,                 1.9492,                 1.3059,                  1.322,                0.68989,                0.59362,                0.68081,                0.36428,                 1.7423,                 1.1947,                 1.2522,               0.009505,               0.009505,               0.009505
                      7,                 1.8827,                 1.2589,                  1.293,                0.70621,                0.60885,                0.70155,                0.37403,                 1.7382,                 1.1518,                 1.2348,               0.009406,               0.009406,               0.009406
                      8,                 1.8475,                 1.2413,                  1.267,                0.69804,                0.61651,                0.70128,                0.38117,                  1.703,                 1.1429,                 1.2118,               0.009307,               0.009307,               0.009307
                      9,                  1.817,                 1.2092,                 1.2542,                0.66308,                0.56952,                0.65665,                 0.3541,                 1.7288,                  1.187,                 1.2175,               0.009208,               0.009208,               0.009208
                     10,                 1.7804,                 1.1787,                 1.2402,                0.70505,                0.61018,                0.69865,                0.37986,                 1.7092,                 1.1264,                 1.2109,               0.009109,               0.009109,               0.009109
                     11,                 1.7544,                 1.1617,                 1.2238,                0.66486,                0.58215,                0.65101,                0.36938,                 1.6273,                 1.1482,                 1.1801,                0.00901,                0.00901,                0.00901
                     12,                 1.7361,                 1.1434,                 1.2167,                 0.6975,                0.62303,                0.71294,                0.39737,                 1.6208,                  1.115,                 1.1639,               0.008911,               0.008911,               0.008911
                     13,                 1.7171,                 1.1286,                 1.2062,                0.70763,                0.61696,                0.71699,                0.40358,                 1.6012,                 1.0711,                 1.1597,               0.008812,               0.008812,               0.008812
                     14,                  1.705,                 1.1086,                 1.2021,                 0.6655,                0.59803,                0.67331,                0.38721,                 1.5765,                  1.102,                 1.1482,               0.008713,               0.008713,               0.008713
                     15,                 1.6933,                 1.1092,                 1.1907,                0.69146,                0.61271,                0.70786,                0.40581,                  1.581,                 1.0654,                 1.1507,               0.008614,               0.008614,               0.008614
                     16,                 1.6749,                 1.0862,                 1.1847,                0.71325,                0.61339,                0.71679,                0.41349,                 1.5637,                 1.0535,                  1.142,               0.008515,               0.008515,               0.008515
                     17,                 1.6685,                 1.0876,                 1.1778,                 0.6933,                0.61371,                0.70415,                0.41111,                 1.5592,                 1.0664,                 1.1426,               0.008416,               0.008416,               0.008416
                     18,                 1.6552,                 1.0793,                 1.1726,                0.68886,                0.61912,                0.71002,                0.40747,                 1.5637,                 1.0509,                 1.1421,               0.008317,               0.008317,               0.008317
                     19,                 1.6388,                 1.0655,                 1.1664,                0.70915,                0.63254,                0.72601,                0.41859,                 1.5478,                 1.0286,                 1.1272,               0.008218,               0.008218,               0.008218
                     20,                 1.6357,                 1.0601,                 1.1658,                0.72333,                0.62794,                0.73263,                0.42478,                 1.5444,                 1.0153,                 1.1301,               0.008119,               0.008119,               0.008119
                     21,                   1.62,                 1.0542,                 1.1572,                0.67526,                0.62428,                0.69632,                0.40141,                 1.5508,                 1.0691,                 1.1246,                0.00802,                0.00802,                0.00802
                     22,                 1.6263,                 1.0522,                 1.1555,                0.69218,                0.61461,                0.70025,                0.40785,                 1.5366,                 1.0421,                 1.1193,               0.007921,               0.007921,               0.007921
                     23,                 1.6138,                 1.0396,                  1.151,                0.71713,                0.63219,                0.73197,                0.42858,                 1.5146,                 1.0065,                  1.121,               0.007822,               0.007822,               0.007822
                     24,                 1.6026,                 1.0354,                 1.1475,                0.70126,                0.62804,                0.72099,                0.42564,                 1.5045,                 1.0095,                 1.1108,               0.007723,               0.007723,               0.007723
                     25,                 1.6018,                 1.0353,                 1.1469,                0.72869,                0.63293,                0.73681,                0.43159,                 1.5211,                 1.0056,                 1.1205,               0.007624,               0.007624,               0.007624
                     26,                 1.5917,                 1.0245,                 1.1424,                0.71785,                0.64337,                0.73948,                0.43692,                 1.4999,                0.98602,                 1.1088,               0.007525,               0.007525,               0.007525
                     27,                 1.5852,                 1.0259,                 1.1365,                0.59841,                0.58595,                0.62087,                0.36063,                 1.5489,                  1.094,                 1.1188,               0.007426,               0.007426,               0.007426
                     28,                 1.5842,                 1.0223,                 1.1387,                0.69958,                0.61591,                 0.7077,                0.41844,                 1.5123,                 1.0256,                 1.1136,               0.007327,               0.007327,               0.007327
                     29,                 1.5761,                 1.0139,                 1.1358,                0.70838,                0.63295,                 0.7305,                0.43363,                 1.4901,                0.99093,                 1.1021,               0.007228,               0.007228,               0.007228
                     30,                 1.5683,                 1.0086,                 1.1309,                0.71752,                0.64828,                0.73914,                0.43618,                 1.5037,                 1.0008,                 1.1125,               0.007129,               0.007129,               0.007129
                     31,                 1.5631,                  1.001,                 1.1268,                0.73211,                0.64166,                 0.7471,                0.43937,                 1.4991,                0.98371,                 1.1014,                0.00703,                0.00703,                0.00703
                     32,                 1.5641,                 1.0084,                 1.1279,                0.70232,                 0.6388,                0.72644,                0.43011,                 1.4784,                  1.008,                 1.0978,               0.006931,               0.006931,               0.006931
                     33,                 1.5525,                0.99501,                 1.1235,                0.71461,                0.64365,                0.73614,                0.43732,                 1.4834,                0.97726,                 1.0962,               0.006832,               0.006832,               0.006832
                     34,                 1.5509,                 0.9966,                 1.1229,                0.73635,                0.65409,                0.75489,                0.44968,                 1.4814,                0.96312,                 1.1003,               0.006733,               0.006733,               0.006733
                     35,                 1.5554,                0.99345,                 1.1248,                 0.6918,                0.64932,                 0.7245,                0.43262,                 1.4739,                0.98333,                 1.0927,               0.006634,               0.006634,               0.006634
                     36,                 1.5356,                0.99035,                 1.1179,                0.73575,                0.65479,                0.75537,                0.45157,                 1.4708,                0.96321,                  1.093,               0.006535,               0.006535,               0.006535
                     37,                 1.5442,                0.98989,                 1.1174,                0.70723,                0.65317,                0.73532,                0.44005,                 1.4685,                0.98313,                 1.0914,               0.006436,               0.006436,               0.006436
                     38,                 1.5384,                 0.9899,                 1.1172,                0.70584,                 0.6517,                0.73459,                0.44054,                 1.4657,                0.97887,                 1.0885,               0.006337,               0.006337,               0.006337
                     39,                 1.5324,                0.98712,                 1.1131,                0.70488,                 0.6588,                0.74516,                0.44586,                 1.4694,                0.96688,                 1.0908,               0.006238,               0.006238,               0.006238
                     40,                 1.5287,                0.98078,                 1.1155,                0.75231,                0.66797,                0.77395,                0.46358,                 1.4586,                0.94214,                 1.0895,               0.006139,               0.006139,               0.006139
                     41,                 1.5243,                 0.9824,                  1.112,                0.66478,                0.64732,                  0.706,                0.42119,                 1.4748,                0.99972,                 1.0875,                0.00604,                0.00604,                0.00604
                     42,                 1.5247,                0.98412,                 1.1135,                0.73125,                0.65613,                0.75748,                0.45499,                 1.4603,                0.95075,                 1.0884,               0.005941,               0.005941,               0.005941
                     43,                 1.5221,                0.97749,                 1.1107,                0.75576,                0.67325,                0.77785,                0.46508,                 1.4601,                0.94199,                 1.0878,               0.005842,               0.005842,               0.005842
                     44,                  1.519,                 0.9672,                 1.1101,                0.73264,                0.66616,                0.76189,                0.45617,                  1.463,                0.94497,                  1.085,               0.005743,               0.005743,               0.005743
                     45,                 1.5185,                0.97122,                 1.1082,                0.71001,                0.65405,                 0.7388,                0.44468,                 1.4588,                0.97028,                 1.0853,               0.005644,               0.005644,               0.005644
                     46,                 1.5097,                0.96144,                 1.1049,                0.72456,                0.65809,                0.75022,                0.45147,                   1.45,                0.95984,                  1.083,               0.005545,               0.005545,               0.005545
                     47,                 1.5068,                0.96027,                 1.1012,                 0.7334,                0.66222,                0.76078,                0.45944,                 1.4496,                0.94965,                 1.0821,               0.005446,               0.005446,               0.005446
                     48,                 1.5122,                0.97007,                 1.1042,                0.70524,                0.66155,                0.74328,                0.44792,                 1.4527,                0.96577,                 1.0818,               0.005347,               0.005347,               0.005347
                     49,                 1.5023,                 0.9615,                 1.1016,                0.73407,                 0.6605,                0.75766,                 0.4569,                 1.4527,                0.95641,                 1.0814,               0.005248,               0.005248,               0.005248
                     50,                  1.504,                0.95719,                 1.1017,                0.69241,                0.65334,                0.72536,                0.43476,                 1.4513,                 0.9676,                 1.0798,               0.005149,               0.005149,               0.005149
                     51,                 1.4997,                0.96175,                  1.103,                0.73541,                 0.6603,                0.75988,                0.45841,                 1.4433,                0.94416,                 1.0775,                0.00505,                0.00505,                0.00505
                     52,                 1.4987,                0.95687,                 1.0954,                0.72564,                0.66841,                0.75817,                0.45706,                 1.4383,                0.95446,                 1.0776,               0.004951,               0.004951,               0.004951
                     53,                 1.4893,                0.95154,                 1.0955,                0.67661,                0.66175,                0.71976,                0.43596,                 1.4377,                0.98399,                  1.075,               0.004852,               0.004852,               0.004852
                     54,                  1.487,                0.95048,                 1.0978,                0.72468,                0.66539,                0.75662,                0.45903,                 1.4349,                 0.9508,                 1.0744,               0.004753,               0.004753,               0.004753
                     55,                  1.493,                0.95312,                 1.0939,                0.73557,                0.67808,                0.76977,                0.46412,                 1.4344,                0.94623,                 1.0746,               0.004654,               0.004654,               0.004654
                     56,                  1.488,                0.94922,                 1.0936,                0.72955,                0.67077,                0.76575,                0.46416,                 1.4375,                0.94112,                 1.0744,               0.004555,               0.004555,               0.004555
                     57,                 1.4791,                0.94493,                  1.092,                0.69817,                0.66696,                0.73949,                0.44774,                 1.4375,                0.95297,                 1.0738,               0.004456,               0.004456,               0.004456
                     58,                 1.4817,                0.94944,                 1.0936,                0.73076,                0.66786,                0.76062,                  0.462,                 1.4312,                0.93062,                 1.0737,               0.004357,               0.004357,               0.004357
                     59,                 1.4874,                0.94519,                 1.0939,                0.70521,                0.66105,                0.73751,                0.44553,                 1.4321,                0.96257,                 1.0718,               0.004258,               0.004258,               0.004258
                     60,                 1.4749,                0.93967,                 1.0913,                0.72867,                0.67909,                0.76615,                0.46355,                 1.4365,                0.93181,                 1.0734,               0.004159,               0.004159,               0.004159
                     61,                 1.4767,                0.94175,                 1.0897,                0.73403,                0.67668,                0.77056,                0.46671,                 1.4318,                0.93275,                 1.0709,                0.00406,                0.00406,                0.00406
                     62,                 1.4783,                 0.9436,                 1.0912,                0.74489,                0.68815,                 0.7808,                0.47228,                 1.4324,                0.92136,                 1.0704,               0.003961,               0.003961,               0.003961
                     63,                  1.475,                0.94414,                 1.0977,                0.75765,                0.69056,                0.79046,                0.47792,                 1.4298,                0.91195,                 1.0716,               0.003862,               0.003862,               0.003862
                     64,                 1.4757,                0.94036,                 1.0943,                0.72717,                0.67443,                0.76004,                0.46085,                 1.4323,                0.93582,                 1.0707,               0.003763,               0.003763,               0.003763
                     65,                 1.4681,                0.94112,                 1.0895,                0.74771,                0.67989,                 0.7812,                0.47479,                  1.428,                0.91477,                 1.0711,               0.003664,               0.003664,               0.003664
                     66,                 1.4675,                0.93348,                 1.0852,                0.75084,                0.68748,                 0.7831,                0.47509,                 1.4285,                0.91251,                 1.0702,               0.003565,               0.003565,               0.003565
                     67,                 1.4735,                0.93936,                 1.0909,                0.75184,                0.67934,                0.78077,                  0.476,                 1.4242,                0.91433,                 1.0674,               0.003466,               0.003466,               0.003466
                     68,                 1.4694,                0.93292,                 1.0818,                0.73716,                 0.6855,                0.77397,                 0.4719,                 1.4192,                0.91854,                 1.0658,               0.003367,               0.003367,               0.003367
                     69,                 1.4751,                0.94104,                 1.0899,                0.72788,                0.67247,                0.76634,                0.46749,                 1.4231,                0.92882,                 1.0656,               0.003268,               0.003268,               0.003268
                     70,                 1.4648,                0.93499,                 1.0871,                0.75973,                0.68986,                0.78945,                 0.4799,                 1.4246,                0.90581,                 1.0659,               0.003169,               0.003169,               0.003169
                     71,                 1.4627,                0.92721,                  1.086,                0.75464,                0.69266,                0.79018,                0.48121,                 1.4195,                0.90741,                 1.0647,                0.00307,                0.00307,                0.00307
                     72,                 1.4578,                0.93159,                 1.0866,                0.75627,                0.69341,                0.79139,                0.48158,                 1.4213,                0.90671,                 1.0645,               0.002971,               0.002971,               0.002971
                     73,                 1.4558,                0.92581,                 1.0825,                0.74283,                0.68625,                0.77798,                0.47428,                 1.4146,                0.91111,                 1.0632,               0.002872,               0.002872,               0.002872
                     74,                 1.4566,                0.92874,                 1.0818,                0.74897,                0.69131,                0.78518,                0.47776,                 1.4227,                0.90661,                 1.0662,               0.002773,               0.002773,               0.002773
                     75,                 1.4549,                0.92469,                 1.0801,                0.75091,                0.69128,                0.78791,                0.48041,                 1.4212,                0.90576,                 1.0658,               0.002674,               0.002674,               0.002674
                     76,                 1.4568,                0.92501,                 1.0803,                0.75274,                0.69096,                0.78784,                0.48269,                  1.412,                0.90151,                 1.0632,               0.002575,               0.002575,               0.002575
                     77,                  1.456,                0.92519,                 1.0805,                0.77264,                0.69021,                0.79784,                0.48509,                 1.4137,                0.89728,                 1.0629,               0.002476,               0.002476,               0.002476
                     78,                 1.4477,                0.91564,                 1.0785,                0.73711,                0.68855,                0.77725,                0.47347,                  1.415,                0.90975,                 1.0626,               0.002377,               0.002377,               0.002377
                     79,                 1.4528,                0.92086,                 1.0764,                0.76058,                0.69211,                0.79309,                0.48302,                 1.4184,                0.90093,                 1.0634,               0.002278,               0.002278,               0.002278
                     80,                 1.4514,                0.91893,                 1.0775,                0.72565,                0.68565,                0.76792,                 0.4697,                 1.4105,                0.92281,                 1.0612,               0.002179,               0.002179,               0.002179
                     81,                 1.4517,                0.91967,                 1.0789,                0.73754,                0.69259,                0.78094,                0.47586,                  1.416,                0.90863,                 1.0624,                0.00208,                0.00208,                0.00208
                     82,                  1.445,                0.91798,                 1.0757,                0.72144,                0.68575,                0.76549,                0.46594,                 1.4183,                0.92634,                 1.0634,               0.001981,               0.001981,               0.001981
                     83,                 1.4434,                0.91723,                 1.0757,                0.75354,                0.69605,                0.79181,                 0.4822,                 1.4106,                0.89754,                 1.0622,               0.001882,               0.001882,               0.001882
                     84,                 1.4401,                0.91183,                 1.0775,                0.73333,                 0.6861,                0.77333,                0.47274,                 1.4096,                0.90859,                 1.0607,               0.001783,               0.001783,               0.001783
                     85,                 1.4373,                0.91304,                 1.0751,                0.72946,                0.69852,                0.77804,                 0.4751,                 1.4087,                0.90837,                 1.0602,               0.001684,               0.001684,               0.001684
                     86,                 1.4409,                0.91385,                 1.0787,                0.72582,                0.68991,                0.77182,                0.47242,                 1.4096,                0.91263,                 1.0602,               0.001585,               0.001585,               0.001585
                     87,                  1.446,                0.91777,                 1.0765,                0.74926,                0.69947,                 0.7923,                0.48513,                 1.4066,                0.89619,                 1.0588,               0.001486,               0.001486,               0.001486
                     88,                 1.4405,                0.90817,                 1.0715,                0.73467,                 0.6871,                0.77301,                 0.4726,                   1.41,                0.91595,                 1.0606,               0.001387,               0.001387,               0.001387
                     89,                 1.4327,                0.91082,                  1.074,                0.73313,                0.69106,                0.77469,                0.47543,                 1.4083,                0.91244,                 1.0599,               0.001288,               0.001288,               0.001288
                     90,                 1.4378,                0.90627,                   1.08,                0.75026,                0.69742,                0.78894,                0.48303,                 1.4102,                0.89822,                 1.0604,               0.001189,               0.001189,               0.001189
                     91,                 1.4335,                0.91805,                 1.0798,                0.75551,                0.70113,                  0.795,                0.48495,                 1.4097,                 0.8982,                 1.0618,                0.00109,                0.00109,                0.00109
                     92,                 1.4169,                0.90515,                 1.0715,                0.77993,                0.69938,                0.80674,                0.49085,                 1.4118,                   0.89,                 1.0599,               0.000991,               0.000991,               0.000991
                     93,                 1.4198,                0.90433,                 1.0726,                0.78142,                 0.7011,                0.80999,                0.49448,                  1.408,                 0.8881,                 1.0597,               0.000892,               0.000892,               0.000892
                     94,                 1.4191,                0.90504,                 1.0783,                0.77276,                0.69908,                0.80215,                 0.4905,                 1.4079,                0.89129,                 1.0601,               0.000793,               0.000793,               0.000793
                     95,                 1.4163,                0.90267,                 1.0735,                0.76582,                0.70168,                0.80189,                0.49134,                 1.4063,                0.89119,                 1.0579,               0.000694,               0.000694,               0.000694
                     96,                 1.4143,                0.89892,                 1.0789,                0.77977,                0.70604,                0.81112,                0.49591,                  1.405,                0.88381,                 1.0592,               0.000595,               0.000595,               0.000595
                     97,                 1.4147,                0.89637,                 1.0743,                0.76473,                0.70203,                0.79952,                0.48993,                 1.4039,                0.89519,                 1.0589,               0.000496,               0.000496,               0.000496
                     98,                 1.4107,                0.89517,                 1.0742,                0.76039,                 0.7065,                0.80074,                0.49128,                 1.4013,                0.89299,                 1.0572,               0.000397,               0.000397,               0.000397
                     99,                 1.4087,                0.89433,                 1.0714,                0.77582,                 0.7108,                0.80951,                0.49585,                 1.4012,                0.88392,                 1.0572,               0.000298,               0.000298,               0.000298
                    100,                 1.4013,                0.88827,                 1.0688,                0.76229,                0.70519,                0.79944,                0.48945,                 1.4037,                0.89028,                 1.0579,               0.000199,               0.000199,               0.000199
