               epoch,      train/box_loss,      train/obj_loss,      train/cls_loss,   metrics/precision,      metrics/recall,     metrics/mAP_0.5,metrics/mAP_0.5:0.95,        val/box_loss,        val/obj_loss,        val/cls_loss,               x/lr0,               x/lr1,               x/lr2
                   0,             0.10883,             0.34545,                   0,             0.10384,             0.17106,            0.053292,            0.013697,             0.10296,             0.29042,                   0,            0.070108,           0.0033214,           0.0033214
                   1,            0.095459,             0.33227,                   0,             0.27651,             0.33721,             0.20984,            0.070247,            0.085041,               0.293,                   0,            0.040042,           0.0065888,           0.0065888
                   2,            0.084709,             0.35136,                   0,             0.37427,             0.41433,             0.30137,             0.10748,            0.076591,             0.29838,                   0,           0.0099098,           0.0097903,           0.0097903
                   3,            0.077909,             0.34816,                   0,             0.52675,               0.473,             0.45444,             0.17104,            0.071755,             0.29297,                   0,            0.009703,            0.009703,            0.009703
                   4,            0.071825,             0.35734,                   0,             0.53984,             0.43544,             0.46557,             0.18925,            0.066776,             0.30025,                   0,            0.009703,            0.009703,            0.009703
                   5,            0.068951,             0.34425,                   0,             0.59455,             0.46658,             0.52111,             0.22753,            0.066416,             0.29659,                   0,            0.009604,            0.009604,            0.009604
                   6,            0.066083,             0.34676,                   0,              0.6431,             0.51457,             0.58202,             0.26458,            0.060892,             0.28562,                   0,            0.009505,            0.009505,            0.009505
                   7,            0.064171,             0.34757,                   0,             0.64581,             0.54462,             0.60526,             0.28554,            0.058365,             0.28106,                   0,            0.009406,            0.009406,            0.009406
                   8,            0.062471,             0.34342,                   0,             0.66057,             0.53941,              0.6165,             0.29774,            0.058615,             0.27987,                   0,            0.009307,            0.009307,            0.009307
                   9,             0.06115,             0.33246,                   0,              0.6696,             0.56636,             0.64302,             0.32146,            0.055744,             0.27722,                   0,            0.009208,            0.009208,            0.009208
                  10,            0.060215,             0.33838,                   0,             0.66954,             0.54496,              0.6253,             0.31354,             0.05839,             0.28639,                   0,            0.009109,            0.009109,            0.009109
                  11,            0.059166,             0.33182,                   0,             0.69187,             0.58594,             0.66974,              0.3471,            0.053223,             0.27742,                   0,             0.00901,             0.00901,             0.00901
                  12,            0.058243,             0.33857,                   0,             0.67396,             0.58068,             0.65381,              0.3377,            0.053835,             0.28789,                   0,            0.008911,            0.008911,            0.008911
                  13,            0.057508,             0.32984,                   0,             0.70397,             0.60806,             0.68947,              0.3617,            0.051751,             0.26903,                   0,            0.008812,            0.008812,            0.008812
                  14,             0.05688,              0.3219,                   0,             0.69337,             0.57434,             0.66345,             0.34713,            0.052532,             0.28629,                   0,            0.008713,            0.008713,            0.008713
                  15,            0.056438,              0.3291,                   0,             0.72502,             0.60602,             0.69605,             0.36491,            0.052006,             0.26718,                   0,            0.008614,            0.008614,            0.008614
                  16,            0.055985,             0.32823,                   0,             0.65167,             0.59491,              0.6574,             0.34683,            0.051565,             0.29943,                   0,            0.008515,            0.008515,            0.008515
                  17,            0.055557,             0.32497,                   0,             0.70135,             0.60699,             0.69029,              0.3695,            0.050379,             0.27597,                   0,            0.008416,            0.008416,            0.008416
                  18,            0.054775,             0.32596,                   0,             0.69943,             0.60541,             0.68864,             0.36781,            0.050302,             0.28168,                   0,            0.008317,            0.008317,            0.008317
                  19,            0.054339,              0.3254,                   0,             0.72702,             0.61406,             0.70705,             0.38109,            0.049644,             0.26664,                   0,            0.008218,            0.008218,            0.008218
                  20,            0.054102,             0.32472,                   0,             0.73372,             0.62775,             0.71988,             0.38304,             0.04977,             0.26309,                   0,            0.008119,            0.008119,            0.008119
                  21,            0.053782,              0.3254,                   0,             0.69656,             0.61551,             0.69376,               0.377,            0.050093,              0.2725,                   0,             0.00802,             0.00802,             0.00802
                  22,            0.053648,             0.32021,                   0,             0.74597,             0.63509,              0.7299,             0.39389,            0.049479,             0.26062,                   0,            0.007921,            0.007921,            0.007921
                  23,            0.053241,             0.32377,                   0,             0.74483,             0.63766,             0.72942,              0.3957,             0.04876,             0.25953,                   0,            0.007822,            0.007822,            0.007822
                  24,            0.053128,             0.32482,                   0,             0.72261,             0.64486,             0.72419,              0.3952,            0.048528,             0.26685,                   0,            0.007723,            0.007723,            0.007723
                  25,            0.052495,             0.32478,                   0,             0.71727,             0.63295,             0.71278,              0.3899,             0.04855,             0.26979,                   0,            0.007624,            0.007624,            0.007624
                  26,            0.052541,              0.3182,                   0,             0.73244,              0.6335,             0.72235,             0.39758,            0.048477,             0.26349,                   0,            0.007525,            0.007525,            0.007525
                  27,            0.052165,             0.32198,                   0,             0.73523,             0.65011,             0.73833,             0.40579,            0.047741,             0.26154,                   0,            0.007426,            0.007426,            0.007426
                  28,            0.052061,             0.31973,                   0,              0.7281,             0.65027,             0.73235,             0.40279,            0.047844,             0.26106,                   0,            0.007327,            0.007327,            0.007327
                  29,            0.051597,             0.31938,                   0,             0.73971,             0.65572,             0.74158,             0.40993,            0.047445,             0.26279,                   0,            0.007228,            0.007228,            0.007228
                  30,            0.051745,             0.32766,                   0,             0.71325,             0.64357,             0.72149,             0.40383,            0.047495,             0.26603,                   0,            0.007129,            0.007129,            0.007129
                  31,            0.051332,              0.3186,                   0,             0.74165,              0.6515,             0.74026,             0.41263,             0.04738,              0.2604,                   0,             0.00703,             0.00703,             0.00703
                  32,            0.051059,             0.31346,                   0,             0.75361,             0.64932,             0.74696,             0.41629,            0.046903,             0.25594,                   0,            0.006931,            0.006931,            0.006931
                  33,            0.051064,             0.31359,                   0,             0.75312,             0.65726,             0.74754,             0.41531,            0.046889,             0.25635,                   0,            0.006832,            0.006832,            0.006832
                  34,            0.050756,             0.30961,                   0,             0.72175,             0.65227,             0.72971,             0.40816,            0.047271,             0.26505,                   0,            0.006733,            0.006733,            0.006733
                  35,            0.050584,             0.31131,                   0,             0.74728,             0.66643,             0.74745,             0.41652,            0.046509,             0.26178,                   0,            0.006634,            0.006634,            0.006634
                  36,             0.05045,             0.31349,                   0,             0.75991,             0.66375,             0.75632,             0.42205,            0.046646,             0.25719,                   0,            0.006535,            0.006535,            0.006535
                  37,            0.050339,             0.31707,                   0,             0.75958,             0.66137,             0.75489,             0.42218,            0.046641,             0.25751,                   0,            0.006436,            0.006436,            0.006436
                  38,            0.049888,             0.32031,                   0,             0.74364,             0.65517,             0.74443,             0.41872,            0.046388,              0.2591,                   0,            0.006337,            0.006337,            0.006337
                  39,            0.050068,             0.32045,                   0,             0.74828,              0.6643,             0.75246,             0.42368,            0.046156,             0.25496,                   0,            0.006238,            0.006238,            0.006238
                  40,            0.049688,               0.314,                   0,             0.75929,             0.66223,             0.75592,             0.42473,            0.046132,             0.25674,                   0,            0.006139,            0.006139,            0.006139
                  41,            0.049883,             0.31735,                   0,             0.75159,             0.66276,             0.75556,             0.42392,             0.04606,              0.2575,                   0,             0.00604,             0.00604,             0.00604
                  42,            0.049633,             0.31442,                   0,             0.75207,             0.66336,              0.7528,             0.42685,            0.046039,             0.25536,                   0,            0.005941,            0.005941,            0.005941
                  43,            0.049179,             0.31132,                   0,             0.74792,             0.66951,             0.75485,             0.42875,             0.04594,             0.25678,                   0,            0.005842,            0.005842,            0.005842
                  44,            0.049312,               0.308,                   0,             0.73739,             0.65964,             0.74595,              0.4239,            0.045948,             0.26369,                   0,            0.005743,            0.005743,            0.005743
                  45,            0.049176,             0.31415,                   0,             0.76598,             0.66926,             0.76395,             0.43233,            0.045632,             0.25368,                   0,            0.005644,            0.005644,            0.005644
                  46,            0.049307,             0.31076,                   0,             0.74125,             0.66584,             0.74945,             0.42708,            0.045487,             0.25868,                   0,            0.005545,            0.005545,            0.005545
                  47,            0.048892,             0.30966,                   0,             0.75635,             0.66227,             0.75754,             0.43196,            0.045417,             0.25501,                   0,            0.005446,            0.005446,            0.005446
                  48,            0.048877,              0.3172,                   0,             0.76586,             0.66668,             0.76417,             0.43597,            0.045343,             0.25424,                   0,            0.005347,            0.005347,            0.005347
                  49,            0.048858,             0.30855,                   0,             0.77095,             0.66158,             0.76299,             0.43325,             0.04551,             0.25195,                   0,            0.005248,            0.005248,            0.005248
                  50,            0.048506,             0.31338,                   0,             0.76228,              0.6669,             0.76233,              0.4353,            0.045337,             0.25274,                   0,            0.005149,            0.005149,            0.005149
                  51,            0.048728,              0.3074,                   0,             0.76277,             0.67159,               0.765,             0.43486,            0.045261,             0.25455,                   0,             0.00505,             0.00505,             0.00505
                  52,            0.048503,             0.30847,                   0,              0.7561,             0.67179,             0.75986,               0.432,            0.045389,             0.25364,                   0,            0.004951,            0.004951,            0.004951
                  53,            0.048394,             0.30772,                   0,             0.75987,             0.66981,             0.76329,             0.43479,            0.045104,             0.25427,                   0,            0.004852,            0.004852,            0.004852
                  54,            0.048496,              0.3103,                   0,             0.76258,             0.67087,             0.76368,             0.43444,            0.045308,             0.25212,                   0,            0.004753,            0.004753,            0.004753
                  55,            0.048328,             0.31502,                   0,             0.76914,             0.66758,             0.76641,             0.43803,            0.044916,             0.25154,                   0,            0.004654,            0.004654,            0.004654
                  56,            0.047964,             0.30751,                   0,             0.76307,             0.66626,             0.76174,              0.4392,            0.044943,             0.25401,                   0,            0.004555,            0.004555,            0.004555
                  57,            0.048212,             0.30695,                   0,             0.76046,             0.67005,             0.76371,             0.43715,            0.044925,             0.25466,                   0,            0.004456,            0.004456,            0.004456
                  58,            0.048167,             0.30673,                   0,             0.74572,             0.66601,             0.75199,             0.43199,            0.045052,             0.25794,                   0,            0.004357,            0.004357,            0.004357
                  59,            0.047935,             0.30841,                   0,             0.77393,             0.66782,             0.76766,               0.441,            0.044791,             0.25244,                   0,            0.004258,            0.004258,            0.004258
                  60,            0.047915,              0.3115,                   0,              0.7686,             0.67541,             0.77101,             0.44182,            0.044745,             0.25119,                   0,            0.004159,            0.004159,            0.004159
                  61,            0.047949,             0.30913,                   0,             0.75215,             0.66922,                0.76,             0.43909,            0.044675,             0.25467,                   0,             0.00406,             0.00406,             0.00406
                  62,            0.047942,             0.31529,                   0,             0.77034,             0.66921,             0.76778,              0.4428,            0.044684,             0.25024,                   0,            0.003961,            0.003961,            0.003961
                  63,             0.04767,             0.30482,                   0,             0.76537,             0.66785,             0.76528,             0.44036,            0.044614,             0.25372,                   0,            0.003862,            0.003862,            0.003862
                  64,            0.047657,             0.30664,                   0,             0.77587,             0.66509,             0.76696,             0.44329,            0.044531,              0.2518,                   0,            0.003763,            0.003763,            0.003763
                  65,            0.047602,             0.30815,                   0,             0.76905,             0.66861,             0.76512,             0.44033,            0.044647,              0.2533,                   0,            0.003664,            0.003664,            0.003664
                  66,            0.047302,             0.30186,                   0,             0.75466,             0.67259,             0.76291,             0.44041,            0.044701,             0.25312,                   0,            0.003565,            0.003565,            0.003565
                  67,              0.0472,             0.30923,                   0,             0.76389,             0.66937,             0.76325,             0.44007,            0.044664,             0.25311,                   0,            0.003466,            0.003466,            0.003466
                  68,            0.047317,             0.30795,                   0,             0.77162,             0.67213,             0.77103,             0.44582,            0.044409,             0.25024,                   0,            0.003367,            0.003367,            0.003367
                  69,            0.047246,             0.31046,                   0,             0.76422,             0.66717,             0.76459,             0.44359,            0.044455,             0.25235,                   0,            0.003268,            0.003268,            0.003268
                  70,            0.047477,             0.30402,                   0,             0.76101,             0.67174,             0.76541,             0.44328,            0.044417,              0.2533,                   0,            0.003169,            0.003169,            0.003169
                  71,             0.04721,             0.30702,                   0,              0.7749,             0.67913,             0.77535,             0.44921,            0.044255,             0.24922,                   0,             0.00307,             0.00307,             0.00307
                  72,            0.047007,             0.30359,                   0,             0.77292,             0.67208,             0.77033,             0.44485,            0.044356,             0.25021,                   0,            0.002971,            0.002971,            0.002971
                  73,            0.047205,             0.30703,                   0,             0.77212,              0.6699,             0.77024,             0.44717,             0.04429,             0.25087,                   0,            0.002872,            0.002872,            0.002872
                  74,            0.046999,              0.3032,                   0,             0.77742,             0.67399,               0.772,              0.4477,            0.044198,             0.25016,                   0,            0.002773,            0.002773,            0.002773
                  75,            0.046839,             0.30827,                   0,             0.75719,             0.67402,             0.76496,             0.44452,            0.044239,             0.25246,                   0,            0.002674,            0.002674,            0.002674
                  76,             0.04695,             0.30285,                   0,             0.77275,             0.66961,             0.77083,             0.44728,            0.044264,             0.24994,                   0,            0.002575,            0.002575,            0.002575
                  77,            0.046906,             0.30042,                   0,             0.76693,             0.67273,             0.76892,             0.44695,            0.044139,             0.25155,                   0,            0.002476,            0.002476,            0.002476
                  78,             0.04684,             0.30662,                   0,             0.76993,             0.67205,             0.77134,              0.4478,            0.044166,             0.24985,                   0,            0.002377,            0.002377,            0.002377
                  79,            0.046637,             0.30368,                   0,             0.76593,             0.67516,             0.77078,             0.44823,            0.044088,             0.25141,                   0,            0.002278,            0.002278,            0.002278
                  80,            0.046427,             0.29978,                   0,             0.76933,             0.68178,             0.77397,             0.44981,            0.044024,             0.24954,                   0,            0.002179,            0.002179,            0.002179
                  81,            0.046566,             0.30306,                   0,             0.76389,             0.67972,             0.77168,              0.4474,            0.043989,             0.25095,                   0,             0.00208,             0.00208,             0.00208
                  82,            0.046624,             0.30374,                   0,              0.7683,             0.68167,              0.7749,              0.4509,            0.043987,             0.24902,                   0,            0.001981,            0.001981,            0.001981
                  83,             0.04654,             0.30556,                   0,             0.76612,             0.67858,             0.77176,             0.44903,            0.044072,             0.25044,                   0,            0.001882,            0.001882,            0.001882
                  84,            0.046425,             0.30419,                   0,             0.76685,             0.68027,             0.77428,             0.44958,            0.043956,             0.25004,                   0,            0.001783,            0.001783,            0.001783
                  85,            0.046322,              0.2989,                   0,             0.76794,             0.68458,             0.77627,             0.45166,            0.043918,             0.24945,                   0,            0.001684,            0.001684,            0.001684
                  86,            0.046364,             0.30369,                   0,              0.7689,             0.68111,             0.77468,             0.45137,            0.043952,             0.24906,                   0,            0.001585,            0.001585,            0.001585
                  87,            0.046284,             0.29803,                   0,             0.77394,             0.67585,             0.77351,             0.44922,            0.043936,             0.24984,                   0,            0.001486,            0.001486,            0.001486
                  88,            0.046341,             0.30188,                   0,              0.7608,             0.68622,             0.77488,             0.45093,            0.043876,             0.24955,                   0,            0.001387,            0.001387,            0.001387
                  89,            0.046274,             0.30431,                   0,             0.76959,             0.68404,             0.77637,             0.45153,            0.043841,             0.24899,                   0,            0.001288,            0.001288,            0.001288
                  90,            0.046104,             0.29843,                   0,             0.76399,             0.68533,             0.77672,             0.45151,            0.043819,             0.24875,                   0,            0.001189,            0.001189,            0.001189
                  91,            0.046179,             0.29886,                   0,             0.76604,             0.68587,             0.77718,             0.45204,            0.043776,             0.24928,                   0,             0.00109,             0.00109,             0.00109
                  92,            0.046134,             0.29693,                   0,             0.76632,             0.67888,             0.77321,              0.4502,            0.043868,             0.25011,                   0,            0.000991,            0.000991,            0.000991
                  93,             0.04641,             0.30447,                   0,             0.77435,             0.67714,             0.77611,             0.45169,            0.043838,             0.24883,                   0,            0.000892,            0.000892,            0.000892
                  94,            0.045914,             0.30193,                   0,             0.77132,             0.68394,             0.77731,             0.45201,            0.043806,             0.24864,                   0,            0.000793,            0.000793,            0.000793
                  95,            0.046198,             0.30276,                   0,             0.77001,             0.68141,             0.77685,             0.45312,            0.043777,             0.24888,                   0,            0.000694,            0.000694,            0.000694
                  96,            0.045791,             0.30029,                   0,             0.77158,             0.67992,              0.7778,             0.45375,            0.043694,             0.24827,                   0,            0.000595,            0.000595,            0.000595
                  97,            0.045972,             0.29717,                   0,              0.7725,             0.68136,             0.77781,             0.45412,            0.043716,             0.24856,                   0,            0.000496,            0.000496,            0.000496
                  98,            0.045811,             0.29288,                   0,             0.76838,             0.68096,             0.77608,             0.45361,            0.043699,             0.24931,                   0,            0.000397,            0.000397,            0.000397
                  99,            0.045733,             0.29773,                   0,             0.77245,              0.6828,             0.77793,             0.45448,            0.043648,             0.24876,                   0,            0.000298,            0.000298,            0.000298
